pickup_longitude,pickup_latitude,dropoff_longitude,dropoff_latitude,trip_distance
-73.99037,40.734695,-73.98184,40.732407,1.1
-73.98078,40.72991,-73.94447,40.71668,4.9
-73.98455,40.679565,-73.95027,40.788925,10.54
-73.99347,40.71899,-73.96224,40.657333,4.75
-73.960625,40.78133,-73.977264,40.758514,1.76
-73.98012,40.74305,-73.91349,40.76314,5.52
-73.99406,40.71999,-73.96636,40.78987,7.45
-73.97942,40.744614,-73.992035,40.753944,1.2
-73.94715,40.791046,-73.92077,40.865578,6.0
-73.998344,40.723896,-73.99585,40.6884,3.21
-74.00615,40.74492,-73.9938,40.74144,0.79
-73.96933,40.76354,-73.99569,40.74425,2.43
-73.98902,40.72154,-73.98896,40.7217,0.01
-74.0043,40.74224,-74.00736,40.706936,3.7
-73.992,40.71858,-74.005135,40.739944,2.2
-73.98516,40.76895,-73.99023,40.76173,0.54
-73.97309,40.79536,-73.97837,40.77315,1.92
-73.9821,40.774696,-73.97094,40.796707,1.7
-73.99484,40.7185,-73.98981,40.73423,1.38
-73.95303,40.672115,-73.98657,40.710594,4.9
-73.98917,40.72659,-74.00948,40.715073,1.8
-73.99907,40.720173,-73.97339,40.75656,3.09
-73.99714,40.74722,-74.004486,40.751797,0.72
-73.99741,40.736675,-73.985664,40.73268,0.69
-73.99713,40.73696,-73.92842,40.75558,5.3
-73.96391,40.712173,-73.95133,40.7122,1.2
-73.9994,40.7439,-73.98888,40.74532,0.97
-73.95441,40.77807,-73.94893,40.78858,0.87
-73.99165,40.75456,-73.9906,40.75612,0.13
-73.9956,40.74424,-73.98546,40.76871,2.4
-73.99027,40.77201,-73.99504,40.76977,0.44
-73.94011,40.751152,-73.93002,40.76705,1.56
-73.982155,40.77488,-73.98136,40.744114,2.9
-74.008064,40.74207,-74.00229,40.742165,1.2
-74.00268,40.730637,-73.98042,40.72621,1.5
-73.98166,40.77374,-73.995964,40.753838,2.32
-73.98174,40.71916,-73.93883,40.82918,9.63
-73.96306,40.775017,-73.951744,40.7788,1.17
-73.96126,40.7962,-73.95005,40.78731,1.32
-73.98224,40.7577,-73.90931,40.86205,13.0
-73.89413,40.636574,-73.8925,40.634834,0.7
-73.94642,40.78914,-73.9159,40.851547,5.4
-73.97568,40.7491,-73.97365,40.78369,3.3
-73.94969,40.78462,-73.97103,40.75102,2.94
-73.98185,40.71688,-73.96933,40.76938,5.23
-73.96588,40.688564,-73.96269,40.67193,1.3
-73.995865,40.767773,-74.009605,40.709927,4.7
-73.97877,40.745106,-73.99221,40.74931,0.83
-73.9765,40.733562,-73.85426,40.89179,15.4
-73.969376,40.785236,-73.945564,40.77798,1.64
-73.990585,40.74588,-73.96989,40.801266,5.1
-73.97434,40.75666,-73.98148,40.753716,1.1
-73.99235,40.74344,-73.99642,40.746063,0.35
-73.933525,40.80293,-73.94567,40.785984,1.3
-73.97295,40.75572,-73.97881,40.68455,7.25
-73.99695,40.7205,-73.95818,40.72179,3.6
-73.99376,40.75162,-73.99087,40.75609,0.32
-73.97832,40.76318,-73.92161,40.741375,3.7
-73.96375,40.77116,-73.9756,40.75274,1.61
-73.97602,40.74456,-73.96649,40.753662,1.2
-73.97679,40.7337,-73.89214,40.750725,8.8
-73.98428,40.74806,-73.99209,40.609177,14.04
-73.96987,40.76851,-73.94935,40.787766,2.2
-73.96618,40.762222,-73.89776,40.74314,4.3
-74.00438,40.742252,-73.98422,40.738197,1.3
-73.99133,40.723892,-73.98369,40.721516,1.03
-73.97416,40.79573,-73.96252,40.80493,1.1
-73.9942,40.72647,-74.01475,40.7162,1.85
-73.98964,40.734398,-73.97879,40.724113,1.43
-74.00148,40.72744,-73.95645,40.76815,4.93
-73.97916,40.74051,-73.988525,40.734646,0.8
-73.953926,40.766945,-73.92446,40.861393,8.7
-73.98214,40.771687,-73.97446,40.762486,1.22
-73.78082,40.645184,-73.89085,40.743008,11.87
-73.9974,40.72075,-73.99918,40.727905,0.72
-73.98405,40.75528,-73.99515,40.720634,3.1
-73.98387,40.74241,-74.002365,40.72635,1.8
-73.99575,40.74409,-74.00975,40.71276,2.5
-73.985085,40.747166,-73.95804,40.71749,4.9
-73.971,40.79764,-73.9537,40.78513,1.53
-73.98415,40.76486,-73.97803,40.762936,1.1
-73.78714,40.64405,-73.948425,40.730736,15.64
-73.987724,40.75057,-74.03557,40.713573,5.7
-73.97965,40.77612,-73.96468,40.806755,2.56
-73.78181,40.644863,-73.93797,40.726326,15.25
-73.96528,40.80104,-73.94748,40.81517,1.65
-73.97963,40.743256,-73.91187,40.76463,7.85
-73.98442,40.76724,-73.9786,40.75426,1.28
-74.010994,40.708874,-73.98805,40.74932,3.18
-73.98074,40.74691,-73.99087,40.75116,0.56
-73.991974,40.72648,-74.00308,40.72205,0.94
-74.00214,40.76064,-73.97289,40.74345,3.2
-73.99497,40.760235,-74.001526,40.735855,2.7
-74.002266,40.73037,-73.95168,40.7735,5.0
-73.98083,40.77964,-73.97141,40.798588,1.6
-73.99808,40.73797,-74.00413,40.74279,0.58
-73.99944,40.729836,-73.96418,40.803154,6.0
-73.93271,40.75286,-73.963615,40.75764,2.51
-73.98169,40.76839,-73.97975,40.75554,1.24
-74.00349,40.74157,-74.00236,40.72634,1.5
-73.97794,40.783676,-73.95559,40.77344,1.4
-73.99257,40.739616,-73.995316,40.721817,1.89
-73.97776,40.75228,-73.956825,40.76807,2.15
-73.994255,40.731995,-73.97864,40.75139,2.5
-73.98516,40.74453,-73.96546,40.76285,1.89
-73.98229,40.75133,-73.99134,40.75034,0.6
-73.9923,40.74929,-74.32033,40.720524,24.0
-73.93432,40.751484,-73.97251,40.764915,2.34
-73.78192,40.64476,-73.97925,40.66187,13.64
-73.95953,40.782745,-73.99376,40.745583,3.44
-73.952644,40.776497,-74.00564,40.70912,7.04
-73.99561,40.76467,-73.99215,40.76415,0.2
-73.97743,40.758316,-73.983444,40.76686,0.9
-73.92774,40.697872,-73.96121,40.698277,2.0
-73.96659,40.757587,-73.965775,40.75435,0.3
-73.95474,40.765507,-73.98192,40.76623,1.8
-73.997696,40.73766,-73.99124,40.73498,0.37
-73.96755,40.75686,-73.97831,40.74861,1.0
-73.9647,40.7968,-74.002205,40.749237,5.1
-73.97011,40.7598,-73.98936,40.74299,1.8
-74.0019,40.739407,-73.97487,40.74439,2.25
-73.95522,40.80438,-73.9637,40.798,0.87
-73.99663,40.7246,-73.86998,40.75529,8.78
-74.00467,40.715958,-73.98986,40.734043,1.6
-73.94828,40.78263,-73.93846,40.79229,1.67
-73.99861,40.73817,-73.99459,40.75055,1.11
-73.97227,40.759865,-73.8766,40.748665,6.5
-73.95975,40.801292,-73.950645,40.822933,1.9
-73.9794,40.73977,-73.99955,40.74252,2.94
-73.97293,40.7526,-73.95586,40.77605,1.89
-73.979645,40.760197,-73.97485,40.753742,0.8
-73.99504,40.76045,-73.93881,40.799385,5.0
-73.97684,40.76459,-73.9541,40.80476,3.86
-74.00095,40.73084,-74.017235,40.704918,2.7
-73.974396,40.763878,-73.99927,40.72816,3.1
-73.95518,40.773174,-73.95623,40.772038,0.1
-73.98987,40.72937,-73.983925,40.745647,1.4
-73.96961,40.757713,-73.90224,40.702812,11.2
-74.00242,40.733234,-73.92458,40.691917,5.6
-73.97177,40.75984,-73.98752,40.748722,1.52
-73.94185,40.829483,-73.938644,40.839867,0.76
-74.01052,40.71841,-73.99135,40.74521,2.68
-74.00709,40.71913,-73.98758,40.74989,2.7
-73.99447,40.71898,-73.95663,40.674393,4.3
-73.98499,40.77389,-73.93649,40.84777,6.29
-73.86269,40.76873,-73.8753,40.77036,1.22
-73.99803,40.71967,-73.98391,40.7318,1.49
-73.79448,40.65715,-73.88738,40.65416,11.55
-74.002846,40.73115,-73.973526,40.74871,2.67
-73.978584,40.76258,-73.96331,40.798714,4.26
-73.99577,40.759323,-73.99487,40.7503,1.3
-74.00505,40.739956,-73.98984,40.729435,1.3
-73.99897,40.7346,-73.98368,40.725777,1.18
-73.97367,40.78452,-73.98819,40.73197,4.59
-73.973335,40.764072,-73.97485,40.761734,0.2
-73.97849,40.762177,-73.96108,40.667454,10.1
-73.99783,40.744915,-73.99201,40.738503,0.7
-73.95559,40.76405,-73.96798,40.762413,0.9
-73.98836,40.720142,-73.96885,40.79058,7.8
-73.992676,40.72039,-74.00337,40.708168,1.2
-74.01484,40.714607,-73.987526,40.745502,6.2
-73.94417,40.788074,-73.98553,40.747257,4.0
-73.97857,40.729572,-73.955444,40.76835,3.3
-73.99903,40.73422,-73.99922,40.729027,0.71
-73.95992,40.773502,-73.888466,40.816563,5.7
-73.99394,40.756714,-74.00363,40.751472,3.6
-74.00258,40.73964,-74.0022,40.74522,0.9
-73.996765,40.74244,-73.94157,40.85139,9.6
-73.97645,40.758377,-73.97643,40.745106,1.33
-74.00428,40.72182,-73.99908,40.73403,1.18
-73.9715,40.756012,-74.0155,40.717896,6.9
-73.94955,40.771763,-73.9637,40.75725,1.78
-73.974,40.742992,-73.9548,40.692562,7.5
-73.98727,40.744324,-73.97977,40.760555,1.4
-73.94271,40.79436,-73.935356,40.79619,0.5
-74.00877,40.71389,-73.996765,40.723995,1.0
-73.99771,40.724003,-74.00527,40.71913,0.6
-73.96521,40.791206,-73.975845,40.760136,2.7
-73.982025,40.772476,-73.95495,40.78336,2.6
-73.99659,40.74281,-73.98962,40.757416,1.2
-74.01598,40.71509,-74.001076,40.721012,1.23
-73.97512,40.75226,-73.98383,40.74715,0.69
-73.95572,40.768204,-73.97206,40.781773,1.61
-73.971886,40.781834,-73.96938,40.785347,0.29
-74.00593,40.74522,-73.964264,40.807377,4.89
-73.99789,40.682858,-73.97224,40.749798,7.33
-73.99626,40.738037,-73.99027,40.73168,0.9
-73.9912,40.749737,-73.989494,40.73995,0.8
-73.95786,40.765366,-73.970764,40.757893,1.2
-74.010635,40.717438,-74.00795,40.7513,2.6
-73.96725,40.76069,-73.98075,40.767666,1.1
-73.9778,40.73419,-74.001015,40.72421,2.96
-73.97922,40.78488,-73.98189,40.76571,1.4
-73.980644,40.782444,-73.98381,40.76136,1.5
-73.98426,40.754833,-73.97695,40.758533,0.6
-73.99336,40.746902,-73.98306,40.765793,1.8
-73.962234,40.776077,-73.98981,40.74118,2.96
-73.9357,40.76107,-73.937744,40.753674,0.89
-73.97733,40.75014,-73.98046,40.74762,0.27
-73.96104,40.796726,-73.9534,40.77848,2.01
-73.96102,40.76947,-73.96351,40.77423,0.69
-73.98826,40.75381,-73.98555,40.747093,0.78
-73.996025,40.68673,-74.01582,40.71447,3.92
-73.99083,40.750526,-73.989334,40.73408,1.61
-73.9893,40.74048,-74.00838,40.71103,4.7
-73.96991,40.78459,-73.943504,40.801605,2.5
-73.96685,40.76164,-73.95349,40.76724,1.07
-73.98111,40.77939,-73.94002,40.841232,5.41
-73.98545,40.74451,-73.97112,40.75927,1.48
-73.96494,40.79513,-73.93946,40.80463,2.06
-73.96777,40.75601,-73.97922,40.75299,0.9
-73.992714,40.755222,-73.991325,40.738808,1.5
-73.95633,40.771435,-73.97024,40.7592,1.3
-73.96844,40.799446,-73.96644,40.794395,0.52
-73.96105,40.76081,-73.98296,40.74802,2.36
-73.9719,40.79478,-73.93872,40.84856,4.48
-73.95823,40.77874,-73.96116,40.77465,0.32
-73.94605,40.792473,-73.99317,40.719765,8.6
-73.95603,40.781097,-73.93889,40.80496,1.9
-73.98194,40.752144,-73.972824,40.758106,1.1
-73.95364,40.76662,-73.99324,40.74729,3.32
-73.99176,40.74925,-73.98931,40.743813,0.6
-73.97255,40.74652,-73.9679,40.75553,0.81
-73.98988,40.735252,-73.98125,40.736366,0.79
-73.97548,40.749813,-73.970085,40.7561,0.51
-73.995575,40.754818,-73.948746,40.7707,4.6
-73.94993,40.772038,-73.94992,40.772034,0.0
-73.98452,40.745747,-73.97261,40.76156,1.2
-73.974625,40.75106,-73.98721,40.756287,0.77
-73.98094,40.744373,-73.981346,40.759476,1.43
-73.95726,40.77049,-73.96286,40.76816,0.34
-74.01615,40.70991,-73.99156,40.73992,3.49
-73.99031,40.75094,-73.9706,40.75608,1.77
-74.00509,40.731,-73.96196,40.77328,4.65
-73.99398,40.7512,-73.96849,40.790783,3.2
-73.98694,40.73944,-73.97519,40.7559,1.3
-73.97987,40.73516,-73.99079,40.755157,2.0
-73.99188,40.74994,-73.97619,40.74078,1.7
-73.99655,40.7373,-74.0141,40.71392,2.89
-74.00878,40.719055,-73.99854,40.728592,1.05
-73.99524,40.74982,-73.97733,40.75546,1.43
-74.00082,40.75235,-73.9905,40.7401,1.69
-74.01686,40.706318,-74.01054,40.70881,0.9
-73.95657,40.767017,-73.976974,40.76252,1.6
-73.966965,40.769848,-73.98431,40.769894,1.2
-74.002754,40.72864,-73.7835,40.6437,19.22
-73.98223,40.765133,-73.9542,40.76718,2.1
-74.000206,40.67845,-73.98305,40.73482,7.0
-73.98363,40.747643,-73.78705,40.64691,15.9
-73.95173,40.76949,-73.91217,40.75894,6.82
-73.9557,40.768482,-73.959946,40.778812,1.25
-73.98814,40.738007,-73.98254,40.76324,2.25
-73.99387,40.73526,-74.01419,40.70836,5.1
-73.98642,40.734627,-74.01581,40.716038,3.0
-73.95574,40.78191,-73.96241,40.758343,2.1
-73.95587,40.779305,-73.98917,40.74136,3.4
-73.978905,40.74077,-74.01493,40.713074,5.17
-73.99958,40.73851,-74.00247,40.734035,0.4
-73.98579,40.730953,-73.96662,40.766293,3.3
-73.99022,40.756256,-73.98146,40.745216,1.5
-73.95265,40.78358,-73.964554,40.764812,1.57
-73.94957,40.78115,-73.97589,40.77646,2.11
-73.977135,40.751945,-73.87053,40.773758,10.76
-73.95365,40.76694,-73.94456,40.80897,3.76
-74.01433,40.709435,-73.994804,40.7504,3.7
-73.992775,40.743,-73.97706,40.739044,0.9
-74.008354,40.736126,-74.010155,40.71975,1.2
-73.96155,40.757786,-73.97261,40.758904,0.8
-74.00883,40.71917,-73.99072,40.694492,2.3
-73.97737,40.74959,-73.97606,40.76393,1.5
-73.950905,40.77157,-73.9808,40.76234,2.64
-73.98414,40.76818,-73.97344,40.764427,0.67
-73.990715,40.751118,-73.97288,40.74642,1.12
-73.98999,40.757305,-73.987526,40.760303,0.2
-73.961716,40.764282,-73.97034,40.7521,1.0
-74.0052,40.71846,-74.01134,40.71486,0.5
-73.98139,40.72891,-73.96938,40.74871,1.98
-73.9824,40.75137,-73.9969,40.7514,1.03
-73.98276,40.77191,-73.99125,40.74917,1.79
-73.9505,40.77977,-73.96833,40.76164,1.81
-73.9659,40.759693,-73.97599,40.763744,0.62
-73.99549,40.71709,-74.01376,40.71479,1.81
-73.995224,40.749744,-73.986206,40.76222,0.9
-73.872765,40.773754,-73.97306,40.761772,10.2
-74.005585,40.738766,-73.99439,40.71966,1.7
-73.97459,40.78794,-73.95702,40.76262,2.72
-73.96512,40.76916,-73.97688,40.75863,1.3
-73.95677,40.77807,-73.96105,40.76634,1.31
-74.00995,40.72114,-74.015564,40.70798,1.0
-73.97472,40.750328,-73.9675,40.760544,0.7
-73.979546,40.749332,-73.98616,40.743412,0.6
-73.95491,40.765736,-73.97164,40.757614,1.4
-73.987335,40.724716,-73.976845,40.739166,1.15
-73.98136,40.764618,-73.98856,40.75889,0.85
-74.01625,40.71481,-74.01009,40.72024,0.94
-73.97841,40.748238,-73.972946,40.764553,1.5
-73.97441,40.749657,-73.79082,40.66343,15.2
-73.987915,40.75464,-73.98629,40.74588,0.8
-73.9871,40.77112,-73.97975,40.7778,0.71
-74.0046,40.70685,-73.9802,40.76733,6.31
-73.99246,40.71426,-73.92106,40.667786,6.75
-73.97569,40.76502,-73.87061,40.77398,8.82
-73.96223,40.77308,-73.95808,40.7649,1.02
-73.982605,40.739628,-73.979485,40.75242,1.16
-73.966934,40.80401,-74.009125,40.725296,6.84
-73.960205,40.78139,-73.97998,40.78209,1.4
-73.97453,40.758,-73.96421,40.76082,1.08
-73.98362,40.76524,-73.973366,40.764343,0.73
-73.98762,40.754517,-73.98321,40.749413,0.6
-73.95355,40.76694,-73.9686,40.75749,1.56
-73.95414,40.77051,-73.96678,40.76982,0.98
-74.00052,40.72718,-73.97588,40.754173,2.7
-73.97983,40.78567,-74.00211,40.742916,3.8
-73.99401,40.75012,-73.96942,40.76287,2.15
-74.002556,40.729008,-73.97898,40.753105,2.38
-73.998505,40.68168,-73.98874,40.6929,1.54
-73.9944,40.75597,-73.981255,40.7591,1.05
-73.97686,40.75565,-73.98574,40.76784,1.27
-73.98179,40.728397,-73.993675,40.722504,1.14
-73.944336,40.780727,-74.00713,40.703854,7.7
-73.99386,40.745693,-74.00478,40.74475,0.8
-73.957184,40.766125,-73.94983,40.784607,1.5
-74.00664,40.736416,-73.98968,40.734436,1.1
-73.991585,40.749886,-73.99678,40.742397,0.5
-73.94896,40.781532,-73.97072,40.7515,2.3
-73.9762,40.71545,-73.9762,40.71545,3.56
-73.96586,40.762405,-73.95688,40.762577,0.67
-73.96715,40.80368,-73.97638,40.79048,1.06
-73.98831,40.75345,-73.99502,40.74466,0.68
-73.995804,40.73871,-73.99835,40.7556,1.82
-73.96072,40.775105,-73.97824,40.75521,1.87
-73.97719,40.75012,-74.007645,40.703526,4.7
-73.98125,40.77911,-73.97156,40.78285,0.79
-73.97816,40.753304,-73.981995,40.754936,0.26
-74.013374,40.716682,-73.99501,40.725647,1.74
-73.993996,40.751156,-73.953995,40.77053,3.42
-73.99149,40.72718,-73.985,40.74185,1.2
-73.98123,40.74709,-73.984245,40.742805,0.4
-73.95397,40.77299,-73.96569,40.76543,1.0
-73.95795,40.76095,-73.95773,40.7846,2.17
-73.97484,40.78792,-73.97032,40.790764,0.3
-73.989174,40.74799,-73.96991,40.762306,1.7
-73.95299,40.77674,-73.96179,40.763638,1.0
-73.994095,40.75119,-74.00462,40.74191,1.1
-73.967316,40.75759,-73.980225,40.753056,1.1
-73.97151,40.78727,-73.97049,40.79387,0.75
-73.90416,40.77156,-73.87507,40.75093,2.83
-73.98046,40.73006,-73.97342,40.754284,2.47
-74.01633,40.71478,-74.00112,40.72111,1.6
-73.98692,40.70106,-74.0028,40.71783,1.89
-73.95862,40.77794,-73.97498,40.75276,2.1
-73.98161,40.746574,-73.953865,40.77958,3.2
-73.98471,40.754105,-73.97939,40.761604,0.5
-73.98828,40.749252,-73.98946,40.77305,2.7
-73.98087,40.78173,-73.96785,40.80192,1.6
-73.976616,40.75075,-73.9749,40.741756,0.9
-73.99848,40.72588,-74.00781,40.751537,2.2
-73.98343,40.76516,-73.97413,40.76242,0.85
-73.9643,40.79718,-73.953514,40.788307,1.27
-73.97429,40.79124,-73.97575,40.763763,2.36
-73.97244,40.795982,-73.95315,40.76916,3.01
-73.98152,40.721073,-74.00323,40.726963,1.4
-73.97202,40.762638,-73.97065,40.75424,0.9
-73.96529,40.77165,-73.96347,40.76867,0.32
-73.98835,40.76906,-73.9932,40.74796,1.85
-73.98961,40.74871,-73.976845,40.74857,0.9
-73.96144,40.77783,-73.97243,40.781227,0.8
-73.990295,40.771915,-73.988655,40.756664,1.5
-73.97697,40.76465,-73.98191,40.77253,0.71
-73.9751,40.787537,-73.94868,40.78636,1.8
-73.99134,40.749817,-73.97865,40.758892,1.3
-73.98706,40.722305,-73.96897,40.759075,3.8
-73.99442,40.756657,-74.00569,40.750835,0.97
-73.96146,40.760246,-73.99879,40.73815,4.35
-73.96095,40.78109,-73.96095,40.78109,2.71
-73.98224,40.76477,-74.01412,40.71267,4.9
-73.98338,40.739,-73.99842,40.75767,3.23
-73.99688,40.73756,-73.98274,40.736156,1.0
-73.98159,40.732483,-73.94975,40.81211,7.8
-73.97802,40.76391,-73.96674,40.77059,1.92
-74.00077,40.76231,-73.86503,40.77058,12.93
-73.99663,40.715206,-73.99277,40.723545,0.6
-73.98985,40.75672,-73.9827,40.760933,0.68
-73.994965,40.733192,-73.97684,40.739227,1.4
-73.98941,40.772724,-73.97977,40.754578,1.9
-73.95789,40.780518,-73.963486,40.7773,0.5
-73.99053,40.75622,-74.01129,40.71524,3.87
-74.00475,40.71718,-74.00707,40.72935,1.0
-73.96523,40.775124,-73.9662,40.76502,0.9
-73.97824,40.773113,-73.97149,40.786404,1.1
-73.96144,40.759956,-73.971436,40.75199,1.1
-73.982315,40.74754,-73.97939,40.76145,1.2
-73.96056,40.76603,-73.97437,40.74671,1.52
-73.99013,40.71933,-73.98099,40.73395,1.33
-73.97063,40.78833,-73.97745,40.75673,2.8
-73.97584,40.74068,-73.96919,40.75769,1.46
-73.97503,40.741848,-73.97354,40.75009,0.7
-73.990875,40.734627,-74.011635,40.714996,2.0
-73.98389,40.74429,-73.98662,40.75314,0.89
-73.98043,40.78237,-73.97814,40.75377,2.75
-73.96577,40.754417,-73.96801,40.758823,0.45
-73.95697,40.770603,-73.96994,40.762756,1.1
-73.95929,40.76915,-73.97941,40.74542,2.1
-73.945724,40.781906,-73.990326,40.74023,4.95
-73.99944,40.733738,-73.99833,40.738037,0.37
-73.98522,40.73187,-73.99366,40.735126,0.51
-73.97843,40.77263,-73.97406,40.778584,0.5
-73.95003,40.784508,-73.97338,40.757557,2.4
-73.98146,40.764275,-73.98084,40.745087,1.9
-73.98614,40.762142,-73.974144,40.750618,1.3
-73.981,40.76007,-73.99191,40.73792,1.83
-74.0164,40.714752,-74.00958,40.718777,0.5
-73.96362,40.758694,-73.99156,40.749916,2.3
-73.975266,40.751057,-73.95578,40.765965,1.7
-73.87093,40.773758,-73.98276,40.742805,8.6
-73.96222,40.76758,-73.95556,40.77695,0.72
-73.97239,40.75688,-73.98362,40.76219,0.86
-74.00518,40.706,-74.00518,40.705986,0.0
-73.94595,40.775455,-73.96645,40.764576,1.72
-73.99066,40.75608,-73.9584,40.764652,2.53
-73.96631,40.765423,-73.97039,40.758312,0.54
-73.95368,40.766697,-73.9818,40.76314,2.08
-73.979034,40.750996,-73.98577,40.740734,0.82
-73.97034,40.78382,-73.975365,40.76104,2.17
-74.008804,40.719463,-74.007095,40.728634,0.7
-73.8728,40.773834,-73.90665,40.770035,2.0
-73.96767,40.80283,-73.98125,40.781216,1.6
-74.00623,40.748585,-74.005035,40.728992,1.7
-73.97007,40.75268,-74.00595,40.70611,4.76
-73.96746,40.80323,-74.00397,40.75891,4.18
-73.9556,40.77194,-73.97467,40.73302,3.68
-73.961754,40.77365,-73.96771,40.761856,1.1
-73.98127,40.781963,-73.96942,40.762955,2.0
-73.95228,40.78113,-73.98138,40.763313,2.69
-73.98119,40.75977,-74.00181,40.72441,3.1
-73.98562,40.72715,-73.99079,40.73486,0.84
-73.95936,40.77188,-73.96606,40.76476,0.66
-73.98006,40.743366,-73.98525,40.757946,1.5
-73.98335,40.75601,-73.969635,40.758564,1.0
-73.97484,40.756,-73.97539,40.765293,0.9
-73.98073,40.76439,-74.00536,40.74121,2.38
-73.95274,40.778465,-73.97079,40.760803,1.91
-74.00113,40.72745,-73.98828,40.737556,1.34
-73.94649,40.78067,-73.95907,40.77471,1.28
-73.9636,40.768642,-73.95748,40.7684,0.5
-73.98756,40.754536,-73.987976,40.748264,0.6
-74.00113,40.74175,-73.9839,40.746178,1.3
-73.99903,40.734238,-73.986824,40.746044,1.2
-73.96185,40.75953,-73.97408,40.75962,1.07
-73.96071,40.77563,-73.99257,40.74826,2.99
-73.98066,40.76597,-74.01451,40.71427,5.02
-73.99616,40.748573,-73.98321,40.766293,1.4
-73.98722,40.733055,-73.99249,40.71389,1.5
-73.96793,40.752415,-73.97836,40.749924,0.7
-73.94819,40.77051,-73.95965,40.773773,0.7
-73.98939,40.75771,-73.97875,40.762615,0.9
-73.98181,40.732357,-73.98739,40.725346,0.97
-73.95493,40.783028,-73.96894,40.763664,1.5
-73.98682,40.739483,-73.9745,40.756386,1.4
-73.999115,40.739307,-73.97548,40.76447,2.7
-73.983315,40.756893,-73.97677,40.764595,0.67
-73.97702,40.75198,-73.97259,40.75355,0.35
-73.77667,40.645393,-73.92212,40.67348,9.8
-73.97825,40.773098,-73.974594,40.761898,1.13
-73.99667,40.752823,-73.98314,40.756287,1.45
-73.95282,40.767323,-73.9879,40.740803,3.3
-74.006744,40.743996,-73.990585,40.742195,1.1
-73.94817,40.77438,-73.98374,40.75697,3.24
-73.99853,40.74037,-74.00171,40.72142,1.53
-73.95942,40.7631,-73.95679,40.77488,0.83
-73.97924,40.749943,-73.96755,40.757717,1.0
-73.94854,40.78192,-73.955246,40.77263,0.7
-73.94483,40.78313,-73.95023,40.79013,0.79
-73.991234,40.770058,-74.0048,40.72281,4.1
-74.009125,40.703945,-73.96031,40.762035,5.82
-73.99183,40.726055,-74.01079,40.70173,3.77
-73.9845,40.74847,-73.990456,40.745167,0.5
-73.9775,40.77691,-73.969955,40.794567,1.5
-73.97983,40.75954,-73.99146,40.74726,1.43
-73.97465,40.793606,-73.974655,40.757576,3.34
-73.99411,40.75117,-73.97506,40.74176,1.69
-73.99778,40.724323,-74.01638,40.716885,1.69
-74.0067,40.7313,-74.01351,40.71496,1.39
-73.98119,40.741383,-73.99162,40.738876,0.95
-73.96507,40.75514,-73.97577,40.760376,0.75
-73.978195,40.752453,-73.99005,40.751534,0.8
-73.98286,40.74497,-74.0083,40.73775,2.1
-73.99953,40.738644,-74.00772,40.751312,1.2
-73.95333,40.81109,-73.98057,40.783115,2.84
-73.99132,40.74982,-73.97762,40.756863,1.7
-73.97215,40.75902,-73.98494,40.76014,0.79
-73.94865,40.77387,-73.77632,40.645435,19.1
-74.001625,40.70926,-73.99591,40.71644,0.6
-73.97996,40.754482,-73.98621,40.746014,0.6
-73.99784,40.725967,-74.005035,40.731804,0.68
-73.961205,40.769123,-73.976105,40.750446,1.7
-73.97704,40.759117,-73.982704,40.7617,0.3
-73.99129,40.749607,-73.9807,40.751026,0.8
-73.960754,40.769577,-73.98169,40.75831,1.87
-73.95018,40.77123,-73.98785,40.73757,3.81
-73.99023,40.767044,-73.983955,40.76686,0.4
-73.9793,40.776608,-74.00796,40.742012,3.2
-73.91721,40.77074,-73.91721,40.77074,20.7
-73.98381,40.73823,-73.99529,40.725163,1.2
-73.99055,40.7459,-73.99209,40.73792,0.6
-73.99809,40.73294,-73.95338,40.76465,4.28
-73.95962,40.758427,-73.97201,40.760677,0.81
-73.98444,40.774708,-73.9731,40.7534,2.3
-73.972145,40.745483,-73.97057,40.756546,1.0
-73.96917,40.763912,-73.95247,40.768646,1.2
-74.006,40.71421,-74.00611,40.74128,2.3
-74.00395,40.72196,-73.97596,40.76105,3.39
-73.97028,40.78914,-73.96639,40.79333,0.57
-73.96796,40.80225,-74.00662,40.7398,5.65
-73.9915,40.749203,-73.988205,40.74118,0.8
-73.97932,40.749588,-74.011116,40.708725,6.1
-73.950516,40.77932,-73.964714,40.75807,1.7
-74.00861,40.714447,-73.97891,40.75748,3.52
-73.954346,40.766,-73.96382,40.767838,0.7
-73.9551,40.773075,-73.973305,40.764214,1.5
-73.974915,40.793114,-73.9816,40.783417,0.8
-73.998055,40.74586,-73.991585,40.735382,1.1
-73.9942,40.76324,-74.00796,40.706936,5.83
-73.99078,40.756546,-73.982445,40.75115,1.02
-73.87476,40.773937,-73.88225,40.75431,2.1
-73.98208,40.76808,-73.96701,40.769123,1.21
-73.964325,40.77327,-73.957756,40.77962,0.71
-74.00886,40.704124,-73.95413,40.76523,6.2
-74.00271,40.744617,-74.006546,40.726566,1.42
-73.99782,40.75655,-74.00256,40.7249,3.09
-73.973,40.793438,-73.95258,40.784824,1.69
-73.960625,40.769825,-73.93231,40.79498,2.7
-73.99671,40.723743,-74.010414,40.720306,1.23
-73.97994,40.754147,-73.98563,40.754585,0.59
-73.98196,40.77625,-73.97281,40.78235,0.92
-73.97166,40.746445,-73.97297,40.76226,1.5
-74.01577,40.711155,-73.87244,40.774536,13.3
-73.974266,40.791393,-73.94411,40.776035,2.3
-73.97741,40.753002,-73.86188,40.76844,8.76
-73.97855,40.684586,-73.99245,40.69394,1.2
-73.98577,40.76008,-73.86165,40.76829,10.3
-73.96218,40.767616,-73.96482,40.755604,1.3
-73.995926,40.759274,-74.00074,40.758327,0.4
-73.97367,40.743053,-73.981575,40.76622,2.28
-73.96588,40.75438,-73.97392,40.75225,0.69
-73.99035,40.718994,-74.01092,40.70178,2.85
-73.99139,40.765263,-73.984474,40.77467,0.7
-73.99657,40.753296,-74.005394,40.748283,0.7
-73.992935,40.731636,-73.95762,40.76828,4.3
-73.95552,40.77936,-73.94567,40.78058,0.72
-73.95671,40.78006,-73.9562,40.78429,0.74
-74.00634,40.73323,-74.00113,40.7416,0.65
-73.989784,40.756615,-73.95848,40.764263,2.48
-73.95629,40.76796,-73.98242,40.768646,1.9
-73.95857,40.80046,-73.95317,40.78609,1.45
-73.975395,40.75612,-73.96967,40.762524,0.52
-73.95327,40.76774,-73.96183,40.76124,0.79
-73.98288,40.68539,-74.00876,40.718307,3.07
-73.86283,40.76887,-73.97631,40.760128,13.0
-73.97215,40.759323,-73.97019,40.78406,2.2
-73.9787,40.76495,-73.97872,40.751415,1.2
-73.95486,40.765068,-73.977776,40.754547,1.9
-73.96322,40.76745,-73.95614,40.781357,1.25
-73.96365,40.76607,-73.96914,40.7631,0.51
-73.98238,40.76421,-73.99055,40.75084,1.02
-73.98236,40.77131,-73.98053,40.75358,1.57
-73.99491,40.73431,-73.97861,40.76022,2.33
-73.96144,40.77157,-73.97663,40.760662,1.39
-73.970146,40.78424,-73.96468,40.768227,1.61
-73.98234,40.77459,-73.98008,40.7556,1.69
-73.99141,40.765392,-73.98083,40.77482,1.02
-73.9937,40.73263,-74.00504,40.74986,2.14
-73.96104,40.765163,-73.987625,40.765533,1.9
-74.00753,40.710075,-74.005,40.723297,1.0
-73.957146,40.77466,-73.9465,40.772583,0.7
-73.988716,40.744617,-73.9877,40.74998,0.5
-73.98252,40.75577,-74.00752,40.70928,3.93
-73.997375,40.736893,-73.97983,40.76206,2.0
-73.98694,40.758556,-74.00122,40.757023,1.0
-73.93699,40.76482,-73.937,40.76477,0.0
-74.00934,40.71804,-74.007164,40.730236,0.8
-73.94203,40.806335,-73.95262,40.81094,0.6
-74.000656,40.75778,-73.99346,40.752075,0.7
-73.99891,40.73955,-73.994865,40.727978,1.4
-73.96845,40.79898,-73.94954,40.80192,1.42
-73.95704,40.77036,-73.97156,40.75008,1.57
-74.00461,40.725628,-74.011215,40.72922,0.7
-73.959175,40.76325,-73.972466,40.749695,1.5
-73.96506,40.755165,-73.95947,40.78105,2.3
-73.98411,40.75534,-73.87119,40.7742,9.3
-73.996086,40.73308,-74.00766,40.72545,1.23
-73.98093,40.782684,-73.97238,40.75476,2.8
-73.96259,40.767067,-73.96202,40.776665,0.9
-73.98365,40.749855,-73.994194,40.735294,1.21
-73.98575,40.757225,-74.01598,40.71479,4.53
-74.0048,40.72116,-73.99612,40.72662,0.76
-73.97281,40.74644,-73.96198,40.76772,1.85
-73.94693,40.784294,-73.969246,40.785328,1.65
-73.97877,40.741207,-73.9859,40.740864,0.5
-74.01598,40.711617,-73.96213,40.802097,7.9
-74.00557,40.748253,-74.007065,40.7409,0.7
-74.00169,40.746555,-73.991,40.742146,0.6
-73.96882,40.75252,-73.9941,40.74573,1.89
-73.97906,40.76426,-73.97557,40.75488,1.02
-73.99115,40.749355,-73.97363,40.7583,1.97
-73.95355,40.7787,-73.94999,40.784264,0.48
-73.97967,40.78365,-73.95301,40.78602,2.06
-73.95325,40.767365,-73.97112,40.75361,1.79
-73.95688,40.783356,-73.96317,40.7716,0.9
-73.99059,40.745556,-73.99449,40.765945,2.0
-74.00453,40.74725,-73.99494,40.750107,0.7
-73.925934,40.77243,-73.91067,40.80389,3.98
-73.95086,40.770718,-73.98271,40.761284,2.4
-73.95367,40.775238,-73.9875,40.753387,3.0
-73.956474,40.78382,-73.97197,40.759407,2.0
-73.99329,40.736797,-74.00761,40.751575,1.6
-73.95669,40.77509,-73.97409,40.76274,1.59
-73.9507,40.78234,-73.96098,40.764957,1.47
-73.99398,40.72668,-73.98426,40.74334,1.3
-73.95599,40.78472,-73.979774,40.78109,2.0
-73.98842,40.763977,-74.00777,40.751827,1.7
-73.97297,40.760086,-74.00467,40.741863,2.85
-73.95942,40.76311,-73.99239,40.75896,2.65
-74.00829,40.72222,-73.99957,40.72443,0.75
-73.99618,40.748535,-73.9944,40.7543,0.6
-73.99603,40.738518,-73.9849,40.757374,1.6
-73.98123,40.75312,-73.99258,40.73694,1.28
-73.98395,40.77551,-73.973145,40.76436,1.27
-73.97442,40.75697,-73.79048,40.64675,21.91
-73.97685,40.75677,-73.96939,40.76337,0.71
-73.98866,40.76882,-73.98222,40.75659,1.61
-74.00942,40.715595,-74.006165,40.70547,1.2
-73.99292,40.758675,-73.995834,40.764454,0.8
-73.988945,40.73662,-73.98722,40.74393,0.6
-73.96365,40.76034,-73.97147,40.7587,1.03
-73.96413,40.75648,-73.978905,40.77227,1.89
-73.995575,40.73324,-74.00171,40.756466,2.3
-73.965965,40.75872,-73.96947,40.75037,0.6
-73.99991,40.74339,-73.98207,40.77059,2.2
-73.98401,40.72167,-74.0077,40.7118,2.91
-73.9806,40.747967,-73.9878,40.738213,0.8
-74.000496,40.726223,-74.00662,40.744324,1.7
-74.01632,40.710007,-73.9857,40.739838,5.3
-74.0046,40.715645,-73.9892,40.693447,1.9
-73.97422,40.75069,-73.787155,40.64755,16.6
-73.98813,40.774666,-74.01088,40.72294,4.1
-73.987274,40.729073,-74.00048,40.72388,1.2
-73.97052,40.761803,-73.97515,40.76348,0.31
-73.98067,40.765213,-74.00545,40.750942,2.24
-73.99741,40.741486,-73.98803,40.73475,0.8
-73.99865,40.681396,-73.992836,40.76843,7.9
-73.9896,40.756218,-74.016624,40.70485,4.9
-73.983475,40.76675,-73.9938,40.7669,0.8
-74.01629,40.71465,-74.016594,40.705063,0.7
-73.952896,40.782856,-73.9561,40.77794,0.42
-73.997375,40.738537,-74.010635,40.713566,2.07
-73.98111,40.784115,-73.96508,40.75559,3.0
-73.96929,40.761044,-74.004486,40.74221,3.05
-73.78991,40.646885,-73.82376,40.705383,5.9
-73.992035,40.748962,-73.99091,40.74203,0.7
-73.971664,40.746517,-73.963974,40.75695,0.8
-73.776764,40.645428,-74.177666,40.695465,42.0
-74.00291,40.760345,-74.01372,40.714924,3.28
-73.97896,40.777363,-74.00493,40.75168,2.5
-73.96985,40.794582,-73.949425,40.812485,2.0
-73.954414,40.778145,-73.93496,40.796463,1.9
-73.97148,40.750854,-73.98374,40.740604,1.1
-73.98499,40.728065,-73.9788,40.744846,1.51
-73.97411,40.79131,-73.964645,40.764797,2.84
-74.0151,40.71818,-73.994286,40.7283,1.99
-73.97519,40.78252,-73.97819,40.76288,1.68
-74.00666,40.731094,-74.0067,40.75135,1.7
-73.975266,40.735775,-73.98146,40.739777,0.6
-74.005905,40.73998,-73.99759,40.736324,0.8
-73.9815,40.74394,-74.01456,40.70336,4.87
-73.885704,40.77312,-73.97162,40.75734,8.28
-73.9999,40.68277,-73.97743,40.7504,7.7
-73.989525,40.77444,-73.98345,40.779373,0.6
-73.96808,40.800518,-74.014,40.673813,11.7
-73.97505,40.787968,-73.865036,40.770565,10.0
-73.953255,40.76728,-73.97913,40.755245,2.26
-73.98615,40.740265,-73.99192,40.738396,0.44
-73.96567,40.758297,-73.97805,40.752274,1.0
-73.97965,40.73987,-73.99188,40.73774,0.9
-73.96876,40.786068,-73.979225,40.781906,0.8
-73.9821,40.7725,-73.97055,40.75826,2.03
-74.01394,40.71373,-73.97615,40.755756,6.58
-73.956955,40.76652,-73.96059,40.772346,0.6
-73.99993,40.7182,-74.00068,40.73599,1.56
-74.00598,40.73549,-74.00645,40.73904,0.41
-73.98823,40.745773,-73.97511,40.75552,1.36
-73.96266,40.765293,-73.955215,40.765747,0.7
-74.01556,40.714256,-73.98217,40.76062,4.8
-73.99387,40.75148,-73.97002,40.75705,1.89
-73.988,40.749615,-73.975426,40.74941,0.89
-73.96023,40.77042,-73.97977,40.76021,1.62
-74.00022,40.73304,-73.99145,40.73331,0.99
-73.95512,40.804787,-73.95285,40.791885,1.33
-73.97678,40.73876,-73.95598,40.737267,3.6
-73.96004,40.7823,-73.97555,40.78175,1.02
-73.99131,40.750156,-73.98035,40.760147,1.14
-73.97427,40.77861,-73.97865,40.77269,0.4
-73.98555,40.744263,-73.9915,40.749065,0.6
-73.95571,40.782524,-73.95657,40.77111,1.08
-73.96799,40.755547,-73.98753,40.75564,1.58
-73.94593,40.77336,-73.97516,40.75585,2.42
-74.00967,40.705727,-73.97242,40.753857,5.1
-73.98463,40.779446,-73.984184,40.773838,0.5
-73.98871,40.75399,-73.98188,40.75061,0.43
-73.95779,40.765457,-73.96799,40.762516,1.04
-73.90986,40.753082,-73.92987,40.752167,1.0
-73.954506,40.777298,-73.96206,40.760403,1.42
-73.9765,40.77542,-73.95283,40.7831,2.25
-73.96486,40.76497,-73.95982,40.77934,1.23
-73.94499,40.7832,-74.01353,40.64902,13.27
-73.98809,40.779373,-73.97012,40.760178,2.2
-74.004456,40.721104,-73.9234,40.70478,5.9
-73.954216,40.815945,-73.95259,40.78925,5.5
-73.978905,40.7619,-73.7766,40.644867,17.6
-73.95651,40.766975,-73.98681,40.753326,2.66
-74.007515,40.72615,-74.00437,40.74166,1.21
-73.96081,40.78099,-73.87301,40.77444,8.54
-73.96465,40.79177,-73.98166,40.75872,2.82
-73.9886,40.758865,-73.96826,40.76463,1.61
-74.00204,40.72986,-73.98607,40.74074,1.5
-73.890205,40.74622,-73.899994,40.73675,1.4
-73.95815,40.784607,-73.9673,40.787964,1.0
-73.96489,40.806805,-73.96115,40.796688,0.9
-73.991516,40.744774,-73.97455,40.759567,1.9
-73.953674,40.78204,-73.96174,40.77093,0.8
-73.96064,40.769936,-73.955154,40.777122,0.6
-74.0063,40.73328,-73.98097,40.73874,2.0
-73.97981,40.75473,-73.98801,40.72002,3.1
-74.00746,40.703762,-73.99303,40.72793,3.67
-73.99843,40.745224,-73.9876,40.75007,0.9
-73.993164,40.74308,-74.005226,40.749916,0.8
-73.98177,40.74623,-73.975716,40.744705,0.3
-73.98303,40.68963,-73.9528,40.710636,3.9
-73.96258,40.757168,-73.97654,40.753857,1.2
-73.97232,40.755604,-73.9772,40.757786,0.5
-73.93573,40.7962,-73.95,40.8022,0.88
-74.00637,40.73752,-73.99113,40.74515,1.26
-73.99115,40.733032,-73.99893,40.722317,0.91
-73.97504,40.75253,-73.95452,40.76713,1.83
-74.00327,40.726875,-73.98817,40.731804,1.3
-73.95342,40.78518,-74.009926,40.721508,9.8
-73.97847,40.785828,-73.9816,40.77932,0.5
-73.99211,40.7111,-73.97261,40.762497,5.1
-73.97508,40.76524,-73.99078,40.77548,1.32
-73.94778,40.77509,-73.9609,40.757256,1.4
-73.95877,40.77223,-73.9518,40.782013,0.77
-73.97872,40.741047,-73.97584,40.749786,0.81
-73.973946,40.756927,-73.87246,40.77453,10.6
-73.99768,40.720848,-73.99724,40.72978,0.8
-73.972466,40.76525,-73.97909,40.755917,0.7
-73.99577,40.759766,-74.00808,40.738403,1.9
-74.00681,40.73556,-73.98709,40.740536,1.5
-74.016205,40.71503,-74.01027,40.703323,1.3
-73.97912,40.744396,-73.97172,40.75383,0.77
-73.991295,40.74979,-73.97453,40.75284,1.97
-73.99151,40.76522,-73.99249,40.75495,1.02
-73.98609,40.74908,-73.97695,40.74516,0.52
-73.99141,40.749725,-73.97623,40.74176,1.12
-73.96504,40.76925,-73.95998,40.75817,1.18
-73.87285,40.77407,-73.98896,40.734882,12.16
-73.96394,40.77349,-73.97365,40.77947,1.15
-73.98153,40.74711,-74.00266,40.73906,1.85
-73.95389,40.77871,-73.97146,40.75756,2.04
-74.00066,40.746964,-73.99453,40.744507,0.3
-73.98205,40.776726,-73.96395,40.807716,2.44
-73.97924,40.77161,-73.97444,40.75221,1.94
-73.9869,40.73959,-73.98958,40.73439,2.03
-73.98743,40.770924,-73.96941,40.758034,2.07
-73.95088,40.774796,-73.98188,40.76796,2.91
-73.969376,40.75723,-73.97471,40.74184,1.5
-73.978806,40.754124,-73.97255,40.761936,0.6
-73.97966,40.75301,-74.00388,40.721092,2.9
-73.975525,40.787083,-73.96222,40.77207,1.7
-73.94611,40.777412,-73.9548,40.765366,0.96
-74.00515,40.70602,-74.005135,40.706013,0.0
-73.99011,40.75653,-73.98139,40.76355,0.85
-73.94795,40.778877,-73.96419,40.674835,10.9
-73.9827,40.755985,-73.991165,40.748974,1.14
-74.01707,40.708023,-74.01395,40.703537,0.54
-73.973595,40.761883,-73.96394,40.77374,0.9
-73.995255,40.72521,-73.98369,40.74677,1.7
-73.99318,40.767784,-73.961006,40.7748,2.5
-73.97708,40.780003,-73.97159,40.766277,1.4
-73.991264,40.717056,-73.97024,40.748585,3.8
-73.97789,40.74861,-74.005104,40.72867,2.5
-74.00137,40.716244,-74.0014,40.716236,0.0
-73.87291,40.77415,-73.97041,40.76184,10.03
-73.93068,40.65397,-73.94506,40.65447,0.86
-73.95376,40.767166,-73.97154,40.75529,1.8
-73.974884,40.755737,-73.968925,40.758366,0.4
-73.95531,40.78245,-73.96797,40.76115,1.82
-73.96937,40.76062,-73.98557,40.760082,1.17
-73.98962,40.756786,-73.98325,40.757626,0.52
-73.97046,40.78906,-73.98949,40.74053,5.3
-73.9957,40.75928,-73.95534,40.76419,3.09
-73.972824,40.755917,-73.97908,40.74941,0.69
-73.94908,40.770866,-73.98953,40.744785,4.15
-73.98631,40.752502,-73.99095,40.739174,1.0
-73.97774,40.784122,-73.94356,40.840416,4.99
-73.981735,40.76779,-73.97209,40.763824,0.67
-73.96545,40.76874,-73.99154,40.74903,2.44
-74.017105,40.705425,-73.991936,40.751427,4.17
-73.97875,40.752518,-74.000374,40.71435,5.0
-73.9715,40.75131,-73.97598,40.744556,0.5
-73.98213,40.776848,-73.959625,40.779957,1.8
-73.99451,40.755257,-73.78985,40.643066,16.81
-73.97888,40.77742,-73.98659,40.7768,0.77
-73.95371,40.778625,-73.97795,40.777058,1.8
-73.96886,40.7666,-73.96999,40.75845,0.95
-74.00238,40.7295,-73.96769,40.77026,3.66
-73.94587,40.777836,-73.96826,40.762188,2.04
-73.98994,40.73365,-73.96958,40.76164,2.35
-73.97301,40.746616,-73.97321,40.753036,0.66
-73.978294,40.75234,-74.00497,40.751686,2.0
-73.99953,40.74375,-73.98883,40.743546,0.7
-73.97677,40.7392,-73.95124,40.769943,2.6
-73.962975,40.793896,-73.98189,40.76248,2.6
-73.962654,40.76469,-73.972466,40.76227,1.03
-73.97854,40.763336,-73.979416,40.75437,1.09
-73.86282,40.76882,-73.95469,40.765785,9.46
-73.99,40.75604,-73.98339,40.761723,0.79
-73.95032,40.78671,-73.95383,40.77266,1.23
-73.95081,40.774788,-73.96085,40.779217,0.6
-73.9911,40.770145,-73.970055,40.759846,1.57
-73.986885,40.755314,-73.97502,40.754276,1.0
-73.95519,40.76892,-73.98101,40.781864,2.2
-74.005066,40.719135,-73.98804,40.74512,2.2
-73.95865,40.772617,-73.94499,40.77891,1.1
-73.97797,40.75313,-74.01115,40.701813,5.5
-73.99053,40.728924,-74.00215,40.74043,1.3
-73.98579,40.732803,-73.990135,40.75823,2.7
-73.9879,40.77018,-74.00695,40.71623,4.71
-73.99828,40.74552,-73.97613,40.76294,2.05
-73.9532,40.77997,-73.94915,40.785286,0.45
-73.96145,40.77018,-73.97189,40.75939,1.07
-73.99402,40.72668,-73.9781,40.751087,1.9
-74.01512,40.70882,-73.97333,40.743557,5.32
-73.98235,40.7683,-73.99337,40.743095,2.1
-73.9595,40.77131,-73.9663,40.789898,1.8
-73.9965,40.75305,-74.00454,40.75235,0.5
-73.98167,40.74665,-73.9741,40.74328,0.79
-73.97614,40.785805,-73.96519,40.80089,1.1
-73.99292,40.7229,-73.99197,40.72935,0.52
-73.98271,40.76483,-73.99232,40.76896,0.6
-74.00438,40.75219,-73.97015,40.762978,2.8
-73.971466,40.79536,-73.9743,40.790756,0.3
-73.957634,40.7659,-73.976105,40.763832,1.4
-74.00135,40.73698,-73.97663,40.76399,2.71
-73.95504,40.764954,-73.864525,40.77014,9.39
-73.99591,40.7443,-73.99802,40.74095,0.25
-73.9587,40.75901,-73.9587,40.75901,6.9
-73.94516,40.77879,-73.98698,40.73665,4.31
-73.86307,40.76945,-73.98735,40.75567,12.8
-73.96762,40.80114,-73.9529,40.78305,2.01
-73.97431,40.78738,-73.969765,40.762985,2.3
-73.95631,40.774696,-73.9853,40.738766,4.02
-73.966385,40.7703,-73.9715,40.760216,0.9
-73.95158,40.764893,-73.95071,40.783188,1.87
-73.873146,40.774136,-73.905655,40.678722,10.8
-73.99145,40.74982,-73.9713,40.7653,2.34
-74.01391,40.71285,-74.0076,40.74286,2.13
-73.97683,40.743618,-73.98896,40.742924,0.86
-73.94814,40.77453,-73.97758,40.75453,2.79
-73.98749,40.729298,-74.006645,40.73634,1.3
-73.870964,40.77394,-73.9815,40.739906,8.7
-74.00996,40.72093,-73.9752,40.76351,4.79
-73.95376,40.778927,-73.96626,40.79243,1.5
-73.98503,40.747482,-73.99114,40.739082,0.6
-74.007164,40.743416,-74.00123,40.741028,0.4
-73.98392,40.74035,-74.00662,40.741516,1.5
-73.98807,40.731956,-73.97924,40.744335,1.01
-73.977005,40.763916,-73.98557,40.75519,1.26
-73.97501,40.7458,-74.00987,40.70216,4.45
-73.951744,40.769527,-73.96005,40.773724,0.6
-73.97834,40.74801,-74.00711,40.72319,2.97
-73.98,40.760384,-73.97562,40.780373,1.78
-73.97241,40.75905,-73.95441,40.78712,2.25
-73.984215,40.767315,-73.958206,40.76451,2.43
-73.98477,40.736965,-73.99931,40.721817,1.5
-73.99851,40.739883,-73.99246,40.741882,0.5
-74.00574,40.73829,-73.97699,40.76413,2.7
-73.99796,40.72255,-74.00477,40.7497,2.7
-74.00402,40.74795,-73.97447,40.76307,2.54
-73.95553,40.77677,-73.97327,40.76385,1.6
-73.96254,40.76705,-73.95371,40.77907,0.98
-73.988655,40.753326,-73.98172,40.757572,0.6
-74.00416,40.731342,-73.98785,40.675003,5.3
-74.010506,40.712246,-74.00416,40.717743,0.6
-73.98351,40.72596,-73.97428,40.74427,1.8
-73.95985,40.76251,-73.97606,40.757477,1.7
-73.97949,40.77664,-73.97405,40.78874,1.19
-73.965775,40.758488,-73.97302,40.757687,0.5
-74.000534,40.732433,-73.97803,40.751293,2.1
-73.95769,40.77703,-73.95406,40.76398,1.32
-74.01788,40.709488,-73.98964,40.702427,3.38
-73.96429,40.770218,-73.97893,40.772297,1.0
-73.93602,40.80123,-74.0164,40.705338,9.47
-73.95696,40.78277,-74.00403,40.707497,7.7
-73.96989,40.789536,-73.97803,40.773445,1.3
-74.001976,40.740654,-73.99024,40.744312,0.9
-73.989494,40.68882,-73.9908,40.70293,1.3
-74.00399,40.707344,-73.98699,40.750847,4.9
-73.95314,40.77152,-73.97874,40.76696,2.01
-73.99436,40.678986,-73.99948,40.67494,0.78
-73.97902,40.74963,-73.77635,40.64522,16.5
-73.98763,40.732597,-74.007645,40.743107,1.3
-73.97973,40.7465,-73.990685,40.736645,1.06
-73.98658,40.760475,-74.005684,40.74507,1.8
-73.96562,40.76841,-73.952,40.766647,0.9
-73.95606,40.772926,-73.952484,40.780907,0.8
-73.98307,40.781494,-73.98776,40.74382,3.2
-74.01165,40.71434,-73.98487,40.76012,4.78
-73.98649,40.76219,-73.98132,40.78071,1.41
-73.9568,40.78375,-73.96087,40.80687,2.32
-74.00398,40.753166,-74.00783,40.74053,1.0
-73.97486,40.758682,-73.961784,40.77608,1.4
-73.98998,40.73899,-74.00577,40.75008,1.42
-73.975624,40.75786,-73.9823,40.77495,1.57
-73.97558,40.75512,-74.015366,40.713226,6.5
-73.988785,40.769314,-74.01517,40.704723,5.2
-73.99706,40.762745,-73.96082,40.775574,3.9
-73.98269,40.724224,-73.99192,40.737766,1.5
-73.97533,40.741074,-73.98993,40.712986,3.0
-73.97936,40.784885,-73.95862,40.77253,1.9
-73.99971,40.73331,-73.98331,40.7431,1.43
-73.990845,40.76606,-73.95882,40.809986,3.51
-73.9787,40.747658,-73.99147,40.748665,0.9
-73.985016,40.74459,-73.969475,40.749252,1.2
-73.97839,40.78319,-73.9546,40.767506,2.2
-73.9599,40.773537,-73.96429,40.765495,0.65
-73.97918,40.75039,-73.98605,40.75325,0.4
-73.97975,40.73969,-74.00025,40.72723,1.79
-73.98714,40.766247,-73.997856,40.75125,1.21
-73.97241,40.75534,-73.86528,40.770664,11.2
-73.98328,40.734165,-73.98022,40.742783,0.7
-73.9978,40.756435,-73.98695,40.767525,1.0
-74.00114,40.727642,-73.99552,40.739067,0.95
-74.00976,40.71341,-73.99926,40.72509,1.01
-73.95345,40.79125,-73.97728,40.77441,2.14
-73.98091,40.7532,-73.99024,40.75111,0.69
-73.96597,40.765213,-73.97738,40.75814,0.9
-74.00458,40.75214,-73.9945,40.74774,0.65
-73.99665,40.753017,-73.96158,40.765278,3.23
-73.95394,40.77474,-74.01457,40.714077,8.35
-73.98797,40.72817,-73.99709,40.72066,1.04
-73.96554,40.795387,-73.962494,40.811684,1.6
-73.9503,40.78366,-73.955864,40.777946,0.7
-73.983406,40.743114,-73.978905,40.74121,0.2
-73.99107,40.733543,-74.0056,40.726738,1.31
-73.98198,40.73749,-73.983604,40.73173,0.48
-73.98931,40.758076,-73.997086,40.72982,2.49
-73.95495,40.769363,-73.94919,40.784485,1.31
-74.004875,40.723583,-73.978226,40.737343,2.3
-73.965836,40.75439,-73.97188,40.76312,0.9
-73.96728,40.793514,-73.973335,40.79275,0.5
-73.97909,40.74457,-73.9749,40.752125,0.6
-73.98364,40.770336,-73.97953,40.762653,0.7
-74.00959,40.712902,-74.00409,40.707394,0.64
-74.00659,40.73162,-73.99698,40.72528,1.38
-73.97057,40.75884,-73.9823,40.74255,1.21
-73.99041,40.756332,-73.980576,40.755013,0.6
-73.966415,40.77328,-73.96107,40.76987,0.4
-73.99409,40.751278,-73.98469,40.732193,2.83
-73.94143,40.791973,-73.97458,40.76131,3.17
-73.98902,40.75819,-73.97984,40.772808,1.23
-73.98774,40.75506,-73.98209,40.74626,0.93
-73.91256,40.74598,-73.97306,40.75512,4.06
-73.97669,40.765373,-73.95405,40.78737,2.23
-73.996254,40.73238,-73.96719,40.77238,3.7
-74.00171,40.756207,-73.99146,40.75532,0.7
-73.952194,40.77811,-73.95421,40.76561,1.1
-73.978195,40.773075,-73.993515,40.76127,1.6
-73.96575,40.752735,-73.969925,40.75471,0.3
-74.00237,40.73038,-73.99162,40.73526,0.88
-73.994,40.751247,-73.964386,40.773235,2.77
-73.97794,40.75557,-73.97097,40.748287,0.8
